{"cameraMode":{"drawMode":0,"name":"Shaded","section":"Shading Mode"},"sceneLighting":true,"audioPlay":false,"sceneViewState":{"showFog":false,"showMaterialUpdate":false,"showSkybox":false,"showFlares":false,"showImageEffects":false,"showParticleSystems":false},"in2DMode":false,"pivot":{"x":-173.09217834472657,"y":-232.7238006591797,"z":169.0437774658203},"rotation":{"x":-0.3448854088783264,"y":0.37067100405693056,"z":-0.15054893493652345,"w":-0.8491211533546448},"size":339.6692810058594,"orthographic":false}